original_name,position,section,cleaned_base,prefix,new_name
Org ID,1,identifier,org_id,id,id_org_id
Client ID,2,identifier,client_id,id,id_client_id
Client Name,3,identifier,client_name,id,id_client_name
Gender,4,identifier,gender,id,id_gender
Age,5,identifier,age,id,id_age
Raw DSS Score,6,cognitive,raw_dss_score,cog,cog_raw_dss_score
DSST Score,7,cognitive,dsst_score,cog,cog_dsst_score
Visit Date,8,identifier,visit_date,id,id_visit_date
Visit Type,9,identifier,visit_type,id,id_visit_type
Visit No,10,identifier,visit_no,id,id_visit_no
Visit Tag,11,identifier,visit_tag,id,id_visit_tag
Submission Tag,12,identifier,submission_tag,id,id_submission_tag
1. Participants study number - 8...14,13,demographic,participants_study_number_14,demo,demo_participants_study_number_14
2. Date of birth - 392...15,14,demographic,date_of_birth_15,demo,demo_date_of_birth_15
3. Which study is the participant part of? - 780 in elderly - 219,15,demographic,which_study_is_the_participant_part_of_780_in_elderly,demo,demo_which_study_is_the_participant_part_of_780_in_elderly
3. Which study is the participant part of? - BIRAX - 219,16,demographic,which_study_is_the_participant_part_of_birax,demo,demo_which_study_is_the_participant_part_of_birax
3. Which study is the participant part of? - Regeneron - 219,17,demographic,which_study_is_the_participant_part_of_regeneron,demo,demo_which_study_is_the_participant_part_of_regeneron
4. Location of visit - 220,18,demographic,location_of_visit,demo,demo_location_of_visit
5. Visit number - 221,19,demographic,visit_number,demo,demo_visit_number
6. Consent form signed - 222,20,demographic,consent_form_signed,demo,demo_consent_form_signed
7. Health maintenance organization - 223,21,demographic,health_maintenance_organization,demo,demo_health_maintenance_organization
8. Address - 224,22,demographic,address,demo,demo_address
9. Phone type - 0. Phone type - 225,23,demographic,phone_typephone_type,demo,demo_phone_typephone_type
9. Phone type - 1. Phone model - 225,24,demographic,phone_typephone_model,demo,demo_phone_typephone_model
10. Phone number - undefined,25,demographic,phone_number_undefined,demo,demo_phone_number_undefined
11. Marital status - 226,26,demographic,marital_status,demo,demo_marital_status
12. Lives with - 227,27,demographic,lives_with,demo,demo_lives_with
13. Living facilities  - Private house - 228,28,demographic,living_facilities_private_house,demo,demo_living_facilities_private_house
13. Living facilities  - Apartment - 228,29,demographic,living_facilities_apartment,demo,demo_living_facilities_apartment
13. Living facilities  - Stairs - 228,30,demographic,living_facilities_stairs,demo,demo_living_facilities_stairs
13. Living facilities  - Elevator - 228,31,demographic,living_facilities_elevator,demo,demo_living_facilities_elevator
14. Do you drive - 229,32,demographic,do_you_drive,demo,demo_do_you_drive
15. Number of education years - 230,33,demographic,number_of_education_years,demo,demo_number_of_education_years
16. Educational Degree - 231,34,demographic,educational_degree,demo,demo_educational_degree
17. Profession - 232,35,demographic,profession,demo,demo_profession
18. Do you work? - 233,36,demographic,do_you_work,demo,demo_do_you_work
19. Did you work in the past? - 234,37,demographic,did_you_work_in_the_past,demo,demo_did_you_work_in_the_past
20. What year did you stop working? - 235,38,demographic,what_year_did_you_stop_working,demo,demo_what_year_did_you_stop_working
21. Why did you stop working? - 236,39,demographic,why_did_you_stop_working,demo,demo_why_did_you_stop_working
22. Dominant hand - 237,40,demographic,dominant_hand,demo,demo_dominant_hand
23. Study group - 378,41,demographic,study_group,demo,demo_study_group
1. Participants study number - 8...44,42,demographic,participants_study_number_44,demo,demo_participants_study_number_44
2. Date of birth - 392...45,43,demographic,date_of_birth_45,demo,demo_date_of_birth_45
3. Primary care doctor - 250,44,medical,primary_care_doctor,med,med_primary_care_doctor
4. Hospitalization in the past year? - 442,45,medical,hospitalization_in_the_past_year,med,med_hospitalization_in_the_past_year
5. Medical history (ICD9 Codes) - 001-139 Infectious and Parasitic diseases - 251,46,medical,medical_history_icd9_codes_001_139_infectious_and_parasitic_diseases,med,med_medical_history_icd9_codes_001_139_infectious_and_parasitic_diseases
5. Medical history (ICD9 Codes) - 140-239 Neoplasms - 251,47,medical,medical_history_icd9_codes_140_239_neoplasms,med,med_medical_history_icd9_codes_140_239_neoplasms
"5. Medical history (ICD9 Codes) - 240-246 251-279 Endocrine, Nutritional and Metabolic diseases and Immunity disorders - 251",48,medical,medical_history_icd9_codes_240_246_251_279_endocrine_nutritional_and_metabolic_diseases_and_immunity_disorders,med,med_medical_history_icd9_codes_240_246_251_279_endocrine_nutritional_and_metabolic_diseases_and_immunity_disorders
5. Medical history (ICD9 Codes) - 280-289 Diseases of Blood and Forming organs - 251,49,medical,medical_history_icd9_codes_280_289_diseases_of_blood_and_forming_organs,med,med_medical_history_icd9_codes_280_289_diseases_of_blood_and_forming_organs
5. Medical history (ICD9 Codes) - 290-319 Mental disorders - 251,50,medical,medical_history_icd9_codes_290_319_mental_disorders,med,med_medical_history_icd9_codes_290_319_mental_disorders
5. Medical history (ICD9 Codes) - 320-389 Diseases of the Nervous system and Sense organs - 251,51,medical,medical_history_icd9_codes_320_389_diseases_of_the_nervous_system_and_sense_organs,med,med_medical_history_icd9_codes_320_389_diseases_of_the_nervous_system_and_sense_organs
5. Medical history (ICD9 Codes) - 390-459 Diseases of the Circulatory system - 251,52,medical,medical_history_icd9_codes_390_459_diseases_of_the_circulatory_system,med,med_medical_history_icd9_codes_390_459_diseases_of_the_circulatory_system
5. Medical history (ICD9 Codes) - 460-519 Other diseases of the Respiratory system - 251,53,medical,medical_history_icd9_codes_460_519_other_diseases_of_the_respiratory_system,med,med_medical_history_icd9_codes_460_519_other_diseases_of_the_respiratory_system
5. Medical history (ICD9 Codes) - 520-579 Diseases of the Digestive system - 251,54,medical,medical_history_icd9_codes_520_579_diseases_of_the_digestive_system,med,med_medical_history_icd9_codes_520_579_diseases_of_the_digestive_system
5. Medical history (ICD9 Codes) - 580-629 Diseases of the Genitourinary system - 251,55,medical,medical_history_icd9_codes_580_629_diseases_of_the_genitourinary_system,med,med_medical_history_icd9_codes_580_629_diseases_of_the_genitourinary_system
"5. Medical history (ICD9 Codes) - 630-679 Complications of Pregnancy, Childbirth, and the Puerperium - 251",56,medical,medical_history_icd9_codes_630_679_complications_of_pregnancy_childbirth_and_the_puerperium,med,med_medical_history_icd9_codes_630_679_complications_of_pregnancy_childbirth_and_the_puerperium
5. Medical history (ICD9 Codes) - 680-709 Diseases of the Skin and Subcutaneous Tissue - 251,57,medical,medical_history_icd9_codes_680_709_diseases_of_the_skin_and_subcutaneous_tissue,med,med_medical_history_icd9_codes_680_709_diseases_of_the_skin_and_subcutaneous_tissue
5. Medical history (ICD9 Codes) - 710-739 Diseases of the Musculoskeletal system and Connective tissue - 251,58,medical,medical_history_icd9_codes_710_739_diseases_of_the_musculoskeletal_system_and_connective_tissue,med,med_medical_history_icd9_codes_710_739_diseases_of_the_musculoskeletal_system_and_connective_tissue
5. Medical history (ICD9 Codes) - 740-759 Congenital anomalies - 251,59,medical,medical_history_icd9_codes_740_759_congenital_anomalies,med,med_medical_history_icd9_codes_740_759_congenital_anomalies
5. Medical history (ICD9 Codes) - 760-779 Certain conditions originating in the Perinatal Period - 251,60,medical,medical_history_icd9_codes_760_779_certain_conditions_originating_in_the_perinatal_period,med,med_medical_history_icd9_codes_760_779_certain_conditions_originating_in_the_perinatal_period
"5. Medical history (ICD9 Codes) - 780-799 Symptoms, Signs and Ill-defined Conditions - 251",61,medical,medical_history_icd9_codes_780_799_symptoms_signs_and_ill_defined_conditions,med,med_medical_history_icd9_codes_780_799_symptoms_signs_and_ill_defined_conditions
5. Medical history (ICD9 Codes) - 800-999 Injury and Poisoning - 251,62,medical,medical_history_icd9_codes_800_999_injury_and_poisoning,med,med_medical_history_icd9_codes_800_999_injury_and_poisoning
5. Medical history (ICD9 Codes) - E800-E999 Supplementary Classification of External Causes of Injury and Poisoning - 251,63,medical,medical_history_icd9_codes_e800_e999_supplementary_classification_of_external_causes_of_injury_and_poisoning,med,med_medical_history_icd9_codes_e800_e999_supplementary_classification_of_external_causes_of_injury_and_poisoning
5. Medical history (ICD9 Codes) - V01-V82 Supplementary Classification of factors influencing Health status and Contact with Health services - 251,64,medical,medical_history_icd9_codes_v01_v82_supplementary_classification_of_factors_influencing_health_status_and_contact_with_health_services,med,med_medical_history_icd9_codes_v01_v82_supplementary_classification_of_factors_influencing_health_status_and_contact_with_health_services
5. Medical history (ICD9 Codes) - M8000-M9970 Morphology of Neoplasms - 251,65,medical,medical_history_icd9_codes_m8000_m9970_morphology_of_neoplasms,med,med_medical_history_icd9_codes_m8000_m9970_morphology_of_neoplasms
6. Medication (ATC Codes) - A00 Alimentary Tract and Metabolism - 252,66,medical,medication_atc_codes_a00_alimentary_tract_and_metabolism,med,med_medication_atc_codes_a00_alimentary_tract_and_metabolism
6. Medication (ATC Codes) - B00 Blood and Blood forming organs - 252,67,medical,medication_atc_codes_b00_blood_and_blood_forming_organs,med,med_medication_atc_codes_b00_blood_and_blood_forming_organs
6. Medication (ATC Codes) - C00 Cardiovascular system - 252,68,medical,medication_atc_codes_c00_cardiovascular_system,med,med_medication_atc_codes_c00_cardiovascular_system
6. Medication (ATC Codes) - D00 Dermatologicals - 252,69,medical,medication_atc_codes_d00_dermatologicals,med,med_medication_atc_codes_d00_dermatologicals
6. Medication (ATC Codes) - G00 Genito Urinary System and Sex Hormones - 252,70,medical,medication_atc_codes_g00_genito_urinary_system_and_sex_hormones,med,med_medication_atc_codes_g00_genito_urinary_system_and_sex_hormones
"6. Medication (ATC Codes) - H00 Systemic Hormonal Preparations, excl. Sex Hormones and Insulins - 252",71,medical,medication_atc_codes_h00_systemic_hormonal_preparations_excl_sex_hormones_and_insulins,med,med_medication_atc_codes_h00_systemic_hormonal_preparations_excl_sex_hormones_and_insulins
6. Medication (ATC Codes) - J00 Antiinfectives for Systemic Use - 252,72,medical,medication_atc_codes_j00_antiinfectives_for_systemic_use,med,med_medication_atc_codes_j00_antiinfectives_for_systemic_use
6. Medication (ATC Codes) - L00 Antineoplastic and Immunomodulating Agents - 252,73,medical,medication_atc_codes_l00_antineoplastic_and_immunomodulating_agents,med,med_medication_atc_codes_l00_antineoplastic_and_immunomodulating_agents
6. Medication (ATC Codes) - M00 Musculo-Skeletal system - 252,74,medical,medication_atc_codes_m00_musculo_skeletal_system,med,med_medication_atc_codes_m00_musculo_skeletal_system
6. Medication (ATC Codes) - N00 Nervous system - 252,75,medical,medication_atc_codes_n00_nervous_system,med,med_medication_atc_codes_n00_nervous_system
"6. Medication (ATC Codes) - P00 Antiparasitic Products, Insecticides and Repellents - 252",76,medical,medication_atc_codes_p00_antiparasitic_products_insecticides_and_repellents,med,med_medication_atc_codes_p00_antiparasitic_products_insecticides_and_repellents
6. Medication (ATC Codes) - R00 Respiratory system - 252,77,medical,medication_atc_codes_r00_respiratory_system,med,med_medication_atc_codes_r00_respiratory_system
6. Medication (ATC Codes) - S00 Sensory Organs - 252,78,medical,medication_atc_codes_s00_sensory_organs,med,med_medication_atc_codes_s00_sensory_organs
6. Medication (ATC Codes) - V00 Various - 252,79,medical,medication_atc_codes_v00_various,med,med_medication_atc_codes_v00_various
7. Diabetes mellitus type - 255,80,medical,diabetes_mellitus_type,med,med_diabetes_mellitus_type
8. Year of diagnosis - 256,81,medical,year_of_diagnosis,med,med_year_of_diagnosis
9. High blood pressure - 258,82,medical,high_blood_pressure,med,med_high_blood_pressure
10. Hypercholesterolemia - 0.  - 259,83,medical,hypercholesterolemia,med,med_hypercholesterolemia
11. Cholestrol value - 0. Cholestrol value - 532,84,medical,cholestrol_valuecholestrol_value,med,med_cholestrol_valuecholestrol_value
11. Cholestrol value - 0. Cholestrol value - Unit - 532,85,medical,cholestrol_valuecholestrol_value_unit,med,med_cholestrol_valuecholestrol_value_unit
11. Cholestrol value - 1. Date of recording - 532,86,medical,cholestrol_valuedate_of_recording,med,med_cholestrol_valuedate_of_recording
12. LDL last blood test values - 260,87,medical,ldl_last_blood_test_values,med,med_ldl_last_blood_test_values
12. LDL last blood test values - Unit - 260,88,medical,ldl_last_blood_test_values_unit,med,med_ldl_last_blood_test_values_unit
13. Date of last blood test - 261,89,medical,date_of_last_blood_test,med,med_date_of_last_blood_test_v1
14. HDL last blood test values - 262,90,medical,hdl_last_blood_test_values,med,med_hdl_last_blood_test_values
14. HDL last blood test values - Unit - 262,91,medical,hdl_last_blood_test_values_unit,med,med_hdl_last_blood_test_values_unit
15. Date of last blood test - 263,92,medical,date_of_last_blood_test,med,med_date_of_last_blood_test_v2
16. Triglycerides last blood test values - 264,93,medical,triglycerides_last_blood_test_values,med,med_triglycerides_last_blood_test_values
16. Triglycerides last blood test values - Unit - 264,94,medical,triglycerides_last_blood_test_values_unit,med,med_triglycerides_last_blood_test_values_unit
17. Date of last blood test - 265,95,medical,date_of_last_blood_test,med,med_date_of_last_blood_test_v3
18. Smoker - 266,96,medical,smoker,med,med_smoker
19. Smoked in the past - 267,97,medical,smoked_in_the_past,med,med_smoked_in_the_past
20. Year of quitting smoking - 268,98,medical,year_of_quitting_smoking,med,med_year_of_quitting_smoking
21. Use of sensor - 269,99,medical,use_of_sensor,med,med_use_of_sensor
22. Sensor type - 270,100,medical,sensor_type,med,med_sensor_type
22. Sensor type: Other - 270,101,medical,sensor_type_other,med,med_sensor_type_other
23. Use of glucometer - 277,102,medical,use_of_glucometer,med,med_use_of_glucometer
"24. If uses glucometer, how frequently do they use - 278",103,medical,if_uses_glucometer_how_frequently_do_they_use,med,med_if_uses_glucometer_how_frequently_do_they_use
25. Number of measurements per week - 279,104,medical,number_of_measurements_per_week,med,med_number_of_measurements_per_week
26. Number of measurements per day - 280,105,medical,number_of_measurements_per_day,med,med_number_of_measurements_per_day
27. Morning Glucose value - 281,106,medical,morning_glucose_value,med,med_morning_glucose_value
27. Morning Glucose value - Unit - 281,107,medical,morning_glucose_value_unit,med,med_morning_glucose_value_unit
28. Blood fasting glucose values - 0.  - 286,108,medical,blood_fasting_glucose_values,med,med_blood_fasting_glucose_values_v1
28. Blood fasting glucose values - 0.  - Unit - 286,109,medical,blood_fasting_glucose_values_unit,med,med_blood_fasting_glucose_values_unit
28. Blood fasting glucose values - 1.  - 286,110,medical,blood_fasting_glucose_values,med,med_blood_fasting_glucose_values_v2
29. HbA1c values - 0.  - 287,111,medical,hba1c_values,med,med_hba1c_values_v1
29. HbA1c values - 0.  - Unit - 287,112,medical,hba1c_values_unit,med,med_hba1c_values_unit
29. HbA1c values - 1.  - 287,113,medical,hba1c_values,med,med_hba1c_values_v2
30. Use of  insulin - 288,114,medical,use_of_insulin,med,med_use_of_insulin
31. Use of basal insulin - 289,115,medical,use_of_basal_insulin,med,med_use_of_basal_insulin
32. Type of basal insulin - 290,116,medical,type_of_basal_insulin,med,med_type_of_basal_insulin
33. No. of basal insulin units - 291,117,medical,no_of_basal_insulin_units,med,med_no_of_basal_insulin_units
34. Use of bolus insulin - 292,118,medical,use_of_bolus_insulin,med,med_use_of_bolus_insulin
35. Type of Bolus insulin - 293,119,medical,type_of_bolus_insulin,med,med_type_of_bolus_insulin
36. No. of bolus insulin units - 294,120,medical,no_of_bolus_insulin_units,med,med_no_of_bolus_insulin_units
37. Use of  Premix Insulin - 295,121,medical,use_of_premix_insulin,med,med_use_of_premix_insulin
38. No. of Premix Insulin units - 296,122,medical,no_of_premix_insulin_units,med,med_no_of_premix_insulin_units
39. Use of pump - 297,123,medical,use_of_pump,med,med_use_of_pump
40. Type of pump - 298,124,medical,type_of_pump,med,med_type_of_pump
41. Years of using an insulin pump - 299,125,medical,years_of_using_an_insulin_pump,med,med_years_of_using_an_insulin_pump
42. Use of Metformin - 303,126,medical,use_of_metformin,med,med_use_of_metformin
43. Use of Sulphonylureas - 304,127,medical,use_of_sulphonylureas,med,med_use_of_sulphonylureas
44. Type of Sulphonylureas - 305,128,medical,type_of_sulphonylureas,med,med_type_of_sulphonylureas
45. Use of Glinides - 306,129,medical,use_of_glinides,med,med_use_of_glinides
46. Type of Glinides - 307,130,medical,type_of_glinides,med,med_type_of_glinides
47. Use of Acarbose - 308,131,medical,use_of_acarbose,med,med_use_of_acarbose
48. Use of DPP-4 - 309,132,medical,use_of_dpp_4,med,med_use_of_dpp_4
49. Type of DPP-4 - 310,133,medical,type_of_dpp_4,med,med_type_of_dpp_4
50. Use of Pioglitazone - 311,134,medical,use_of_pioglitazone,med,med_use_of_pioglitazone
51. Use of GLP - 312,135,medical,use_of_glp,med,med_use_of_glp
52. Type of GLP - 313,136,medical,type_of_glp,med,med_type_of_glp
53. Use of GLP in the past? - 0.  - 538,137,medical,use_of_glp_in_the_past,med,med_use_of_glp_in_the_past
53. Use of GLP in the past? - 1. GLP Type? - 538,138,medical,use_of_glp_in_the_past_glp_type,med,med_use_of_glp_in_the_past_glp_type
53. Use of GLP in the past? - 2. How long was GLP used? - 538,139,medical,use_of_glp_in_the_past_how_long_was_glp_used,med,med_use_of_glp_in_the_past_how_long_was_glp_used
53. Use of GLP in the past? - 3. Last date of usage? - 538,140,medical,use_of_glp_in_the_past_last_date_of_usage,med,med_use_of_glp_in_the_past_last_date_of_usage
54. Use of SGLT-2 - 0.  - 450,141,medical,use_of_sglt_2,med,med_use_of_sglt_2
54. Use of SGLT-2 - 1. Which type of SGLT-2 - 450,142,medical,use_of_sglt_2which_type_of_sglt_2,med,med_use_of_sglt_2which_type_of_sglt_2
55. ACE inhibitors - 314,143,medical,ace_inhibitors,med,med_ace_inhibitors
56. AT-2 - 315,144,medical,at_2,med,med_at_2
57. Statins - 316,145,medical,statins,med,med_statins
58. Aspirin-Plavix - 317,146,medical,aspirin_plavix,med,med_aspirin_plavix
"59. Experienced hypoglycemia (low blood sugar) events during their life in which external help was needed(partner, medical help, other)  - 318",147,medical,experienced_hypoglycemia_low_blood_sugar_events_during_their_life_in_which_external_help_was_needed_partner_medical_help_other,med,med_experienced_hypoglycemia_low_blood_sugar_events_during_their_life_in_which_external_help_was_needed_partner_medical_help_other
"60. If experienced, how many events - 319",148,medical,if_experienced_how_many_events,med,med_if_experienced_how_many_events
"61. How many hypoglycemia events (low blood sugar) experienced in which they felt weak, and were lower than 50 mg/dL (in the glucometer) during the last year - 320",149,medical,how_many_hypoglycemia_events_low_blood_sugar_experienced_in_which_they_felt_weak_and_were_lower_than_50_mg_dl_in_the_glucometer_during_the_last_year,med,med_how_many_hypoglycemia_events_low_blood_sugar_experienced_in_which_they_felt_weak_and_were_lower_than_50_mg_dl_in_the_glucometer_during_the_last_year
62. Feels hypoglycemia - 321,150,medical,feels_hypoglycemia,med,med_feels_hypoglycemia
63. Wakes up from hypoglycemia at night - 322,151,medical,wakes_up_from_hypoglycemia_at_night,med,med_wakes_up_from_hypoglycemia_at_night
64. Neuroglycopenia symptoms during hypoglycemia - 323,152,medical,neuroglycopenia_symptoms_during_hypoglycemia,med,med_neuroglycopenia_symptoms_during_hypoglycemia
65. Adrenergic symptoms during hypoglycemia - 324,153,medical,adrenergic_symptoms_during_hypoglycemia,med,med_adrenergic_symptoms_during_hypoglycemia
66. DKA history in the last 6 months - 326,154,medical,dka_history_in_the_last_6_months,med,med_dka_history_in_the_last_6_months
67. Heart attack - 328,155,medical,heart_attack,med,med_heart_attack
68. Stroke - 329,156,medical,stroke,med,med_stroke
69. Problems with the blood supply to the legs - 330,157,medical,problems_with_the_blood_supply_to_the_legs,med,med_problems_with_the_blood_supply_to_the_legs
70. Underwent Cardiac catheterization - 331,158,medical,underwent_cardiac_catheterization,med,med_underwent_cardiac_catheterization
71. Suffers from Ischemic heart disease - 332,159,medical,suffers_from_ischemic_heart_disease,med,med_suffers_from_ischemic_heart_disease
72. Suffers from Cerebrovascular disease - 333,160,medical,suffers_from_cerebrovascular_disease,med,med_suffers_from_cerebrovascular_disease
73. Foot ulcer - 334,161,medical,foot_ulcer,med,med_foot_ulcer
74. Amputation - 335,162,medical,amputation,med,med_amputation
75. PVD - 495,163,medical,pvd,med,med_pvd
76. Known Retinopathy - 336,164,medical,known_retinopathy,med,med_known_retinopathy
77. Known Nephropathy - 340,165,medical,known_nephropathy,med,med_known_nephropathy
78. Known Albuminuria - 341,166,medical,known_albuminuria,med,med_known_albuminuria
79. Microalbumin/Creatinine Ratio - 342,167,medical,microalbumin_creatinine_ratio,med,med_microalbumin_creatinine_ratio
79. Microalbumin/Creatinine Ratio - Unit - 342,168,medical,microalbumin_creatinine_ratio_unit,med,med_microalbumin_creatinine_ratio_unit
80. Date of Microalbumin/Creatinine Ratio test - 343,169,medical,date_of_microalbumin_creatinine_ratio_test,med,med_date_of_microalbumin_creatinine_ratio_test
81. Blood creatinine - 344,170,medical,blood_creatinine,med,med_blood_creatinine
81. Blood creatinine - Unit - 344,171,medical,blood_creatinine_unit,med,med_blood_creatinine_unit
82. Date of creatinine test - 345,172,medical,date_of_creatinine_test,med,med_date_of_creatinine_test
83. Known Neuropathy - 426,173,medical,known_neuropathy,med,med_known_neuropathy
84. Decreased sensation in lower limbs - 346,174,medical,decreased_sensation_in_lower_limbs,med,med_decreased_sensation_in_lower_limbs
85. Limb pain - 347,175,medical,limb_pain,med,med_limb_pain
86. Liver Dysfunction - 348,176,medical,liver_dysfunction,med,med_liver_dysfunction
87. AST value - 349,177,medical,ast_value,med,med_ast_value
87. AST value - Unit - 349,178,medical,ast_value_unit,med,med_ast_value_unit
88. AST Date of test - 350,179,medical,ast_date_of_test,med,med_ast_date_of_test
89. ALT value - 351,180,medical,alt_value,med,med_alt_value
89. ALT value - Unit - 351,181,medical,alt_value_unit,med,med_alt_value_unit
90. ALT Date of test - 352,182,medical,alt_date_of_test,med,med_alt_date_of_test
91. GGT value - 353,183,medical,ggt_value,med,med_ggt_value
91. GGT value - Unit - 353,184,medical,ggt_value_unit,med,med_ggt_value_unit
92. GGT Date of test - 354,185,medical,ggt_date_of_test,med,med_ggt_date_of_test
93. Bilirubin value - 355,186,medical,bilirubin_value,med,med_bilirubin_value
93. Bilirubin value - Unit - 355,187,medical,bilirubin_value_unit,med,med_bilirubin_value_unit
94. Bilirubin Date of test - 356,188,medical,bilirubin_date_of_test,med,med_bilirubin_date_of_test
95. Alkaline Phosphatase value - 357,189,medical,alkaline_phosphatase_value,med,med_alkaline_phosphatase_value
95. Alkaline Phosphatase value - Unit - 357,190,medical,alkaline_phosphatase_value_unit,med,med_alkaline_phosphatase_value_unit
96. Alkaline Phosphatase Date of test - 358,191,medical,alkaline_phosphatase_date_of_test,med,med_alkaline_phosphatase_date_of_test
97. Albumin value - 359,192,medical,albumin_value,med,med_albumin_value
97. Albumin value - Unit - 359,193,medical,albumin_value_unit,med,med_albumin_value_unit
98. Albumin date of test - 360,194,medical,albumin_date_of_test,med,med_albumin_date_of_test
99. LDH value - 361,195,medical,ldh_value,med,med_ldh_value
99. LDH value - Unit - 361,196,medical,ldh_value_unit,med,med_ldh_value_unit
100. LDH date of test - 362,197,medical,ldh_date_of_test,med,med_ldh_date_of_test
101. Body Mass Index - 0. Height (m) - 366,198,physical,body_mass_indexheight_m,phys,phys_body_mass_indexheight_m_v1
101. Body Mass Index - 0. Height (m) - Unit - 366,199,physical,body_mass_indexheight_m_unit,phys,phys_body_mass_indexheight_m_unit_v1
101. Body Mass Index - 1. Weight (kg) - 366,200,physical,body_mass_indexweight_kg,phys,phys_body_mass_indexweight_kg_v1
101. Body Mass Index - 1. Weight (kg) - Unit - 366,201,physical,body_mass_indexweight_kg_unit,phys,phys_body_mass_indexweight_kg_unit_v1
101. Body Mass Index - 2. BMI - 366,202,physical,body_mass_indexbmi,phys,phys_body_mass_indexbmi_v1
101. Body Mass Index - 2. BMI - Unit - 366,203,physical,body_mass_indexbmi_unit,phys,phys_body_mass_indexbmi_unit_v1
102. Systolic - 371,204,medical,systolic,med,med_systolic
102. Systolic - Unit - 371,205,medical,systolic_unit,med,med_systolic_unit
103. Diastolic - 370,206,medical,diastolic,med,med_diastolic
103. Diastolic - Unit - 370,207,medical,diastolic_unit,med,med_diastolic_unit
104. Pulse - 369,208,medical,pulse,med,med_pulse
104. Pulse - Unit - 369,209,medical,pulse_unit,med,med_pulse_unit
1. Participants study number - 8...213,210,demographic,participants_study_number_213,demo,demo_participants_study_number_213
2. Date of birth - 392...214,211,demographic,date_of_birth_214,demo,demo_date_of_birth_214
3. Do you exercise? - 0.  - 537,212,physical,do_you_exercise,phys,phys_do_you_exercise
3. Do you exercise? - Aerobic - 537,213,physical,do_you_exercise_aerobic,phys,phys_do_you_exercise_aerobic
3. Do you exercise? - Resistance - 537,214,physical,do_you_exercise_resistance,phys,phys_do_you_exercise_resistance
3. Do you exercise? - Other - 537,215,physical,do_you_exercise_other,phys,phys_do_you_exercise_other
3. Do you exercise? - 2. Aerobic Exercise(Weekly min) - 537,216,physical,do_you_exercise_aerobic_exercise_weekly_min,phys,phys_do_you_exercise_aerobic_exercise_weekly_min
3. Do you exercise? - 3. Aerobic Exercise Intensity(RPE) - 537,217,physical,do_you_exercise_aerobic_exercise_intensity_rpe,phys,phys_do_you_exercise_aerobic_exercise_intensity_rpe
3. Do you exercise? - 4. Meets Aerobic guidlines? - 537,218,physical,do_you_exercise_meets_aerobic_guidlines,phys,phys_do_you_exercise_meets_aerobic_guidlines
3. Do you exercise? - 5. Resistance exercise (Number of weekly sessions) - 537,219,physical,do_you_exercise_resistance_exercise_number_of_weekly_sessions,phys,phys_do_you_exercise_resistance_exercise_number_of_weekly_sessions
3. Do you exercise? - 6. Resistance exercise intensity (RPE) - 537,220,physical,do_you_exercise_resistance_exercise_intensity_rpe,phys,phys_do_you_exercise_resistance_exercise_intensity_rpe
3. Do you exercise? - 7. Meets resistance exercise guidlines? - 537,221,physical,do_you_exercise_meets_resistance_exercise_guidlines,phys,phys_do_you_exercise_meets_resistance_exercise_guidlines
4. Result in the physical activity and fitness evaluation questionnaire - 533,222,medical,result_in_the_physical_activity_and_fitness_evaluation_questionnaire,med,med_result_in_the_physical_activity_and_fitness_evaluation_questionnaire
5. Unintentional weight loss - more than 5% of body weight loss or more than 4.5 kg weight loss in the past year without diet or exercise? - 239,223,physical,unintentional_weight_loss_more_than_5_of_body_weight_loss_or_more_than_4_5_kg_weight_loss_in_the_past_year_without_diet_or_exercise,phys,phys_unintentional_weight_loss_more_than_5_of_body_weight_loss_or_more_than_4_5_kg_weight_loss_in_the_past_year_without_diet_or_exercise
"6. Fatigue/Exhaustion, difficulty during exercise - according to self-report exhaustion- measured according to two questions from CES-D scale. During the last week you felt that - 0. Everything I do is an effort - 240",224,physical,fatigue_exhaustion_difficulty_during_exercise_according_to_self_report_exhaustion_measured_according_to_two_questions_from_ces_d_scale_during_the_last_week_you_felt_thateverything_i_do_is_an_effort,phys,phys_fatigue_exhaustion_difficulty_during_exercise_according_to_self_report_exhaustion_measured_according_to_two_questions_from_ces_d_scale_during_the_last_week_you_felt_thateverything_i_do_is_an_effort
"6. Fatigue/Exhaustion, difficulty during exercise - according to self-report exhaustion- measured according to two questions from CES-D scale. During the last week you felt that - 1. I had no motivation to ‘get moving’ - 240",225,physical,fatigue_exhaustion_difficulty_during_exercise_according_to_self_report_exhaustion_measured_according_to_two_questions_from_ces_d_scale_during_the_last_week_you_felt_thati_had_no_motivation_to_get_moving,phys,phys_fatigue_exhaustion_difficulty_during_exercise_according_to_self_report_exhaustion_measured_according_to_two_questions_from_ces_d_scale_during_the_last_week_you_felt_thati_had_no_motivation_to_get_moving
7. Low level of Physical activity according to the physical activity questionnaire - 244,226,medical,low_level_of_physical_activity_according_to_the_physical_activity_questionnaire,med,med_low_level_of_physical_activity_according_to_the_physical_activity_questionnaire
8. Slow walk: Walking pace measurement of over seven seconds in order to walk three meters - 245,227,cognitive,slow_walk_walking_pace_measurement_of_over_seven_seconds_in_order_to_walk_three_meters,cog,cog_slow_walk_walking_pace_measurement_of_over_seven_seconds_in_order_to_walk_three_meters
9. Muscle weakness: Dynamometer measurement that tests hand grip strength. Weakness is defined as results being less then 20% on the scale according to gender and body mass. - 246,228,demographic,muscle_weakness_dynamometer_measurement_that_tests_hand_grip_strength_weakness_is_defined_as_results_being_less_then_20_on_the_scale_according_to_gender_and_body_mass,demo,demo_muscle_weakness_dynamometer_measurement_that_tests_hand_grip_strength_weakness_is_defined_as_results_being_less_then_20_on_the_scale_according_to_gender_and_body_mass
10. Frailty Criteria: Pre Frail - 247,229,physical,frailty_criteria_pre_frail,phys,phys_frailty_criteria_pre_frail
11. Frailty Criteria: Frail - 248,230,physical,frailty_criteria_frail,phys,phys_frailty_criteria_frail
12. Did you fall? - 0.  - 107,231,adverse_events,did_you_fall,ae,ae_did_you_fall_v1
12. Did you fall? - 1.  - 107,232,adverse_events,did_you_fall,ae,ae_did_you_fall_v2
12. Did you fall? - 2.  - 107,233,adverse_events,did_you_fall,ae,ae_did_you_fall_v3
12. Did you fall? - 3. End date - 107,234,adverse_events,did_you_fall_end_date,ae,ae_did_you_fall_end_date_v1
13. How many falls have you had in the past 6 months? - 422,235,physical,how_many_falls_have_you_had_in_the_past_6_months,phys,phys_how_many_falls_have_you_had_in_the_past_6_months
14. Did you have any symptoms before falling? - 0.  - 423,236,medical,did_you_have_any_symptoms_before_falling,med,med_did_you_have_any_symptoms_before_falling
14. Did you have any symptoms before falling? - 1. If yes - 423,237,medical,did_you_have_any_symptoms_before_falling_if_yes,med,med_did_you_have_any_symptoms_before_falling_if_yes
15. Did the fall lead to hospitalisation? - 424,238,medical,did_the_fall_lead_to_hospitalisation,med,med_did_the_fall_lead_to_hospitalisation
16. How much of the time during the past 4 weeks did you feel tired? - 443,239,physical,how_much_of_the_time_during_the_past_4_weeks_did_you_feel_tired,phys,phys_how_much_of_the_time_during_the_past_4_weeks_did_you_feel_tired
"17. By yourself and not using aids, do you have any difficulty walking up 10 stairs without resting? - 444",240,physical,by_yourself_and_not_using_aids_do_you_have_any_difficulty_walking_up_10_stairs_without_resting,phys,phys_by_yourself_and_not_using_aids_do_you_have_any_difficulty_walking_up_10_stairs_without_resting
"18. By yourself and not using aids, do you have any difficulty walking a couple of blocks (e.g. several hundred meters)? - 445",241,physical,by_yourself_and_not_using_aids_do_you_have_any_difficulty_walking_a_couple_of_blocks_e_g_several_hundred_meters,phys,phys_by_yourself_and_not_using_aids_do_you_have_any_difficulty_walking_a_couple_of_blocks_e_g_several_hundred_meters
"19. Did a doctor ever tell you that you have [illness]? How many? The illnesses include hypertension, diabetes, cancer (other than a minor skin cancer), chronic lung disease, heart attack, congestive heart failure, angina, asthma, arthritis, stroke, and kidney disease. - 446",242,physical,did_a_doctor_ever_tell_you_that_you_have_illness_how_many_the_illnesses_include_hypertension_diabetes_cancer_other_than_a_minor_skin_cancer_chronic_lung_disease_heart_attack_congestive_heart_failure_angina_asthma_arthritis_stroke_and_kidney_disease,phys,phys_did_a_doctor_ever_tell_you_that_you_have_illness_how_many_the_illnesses_include_hypertension_diabetes_cancer_other_than_a_minor_skin_cancer_chronic_lung_disease_heart_attack_congestive_heart_failure_angina_asthma_arthritis_stroke_and_kidney_disease
20. Loss of weight - 0. Current Weight (kg) - 447,243,physical,loss_of_weightcurrent_weight_kg,phys,phys_loss_of_weightcurrent_weight_kg
20. Loss of weight - 0. Current Weight (kg) - Unit - 447,244,physical,loss_of_weightcurrent_weight_kg_unit,phys,phys_loss_of_weightcurrent_weight_kg_unit
20. Loss of weight - 1. Weight 1 year ago (kg) - 447,245,physical,loss_of_weightweight_1_year_ago_kg,phys,phys_loss_of_weightweight_1_year_ago_kg
20. Loss of weight - 1. Weight 1 year ago (kg) - Unit - 447,246,physical,loss_of_weightweight_1_year_ago_kg_unit,phys,phys_loss_of_weightweight_1_year_ago_kg_unit
20. Loss of weight - 2. Percent weight change is computed as: - 447,247,physical,loss_of_weightpercent_weight_change_is_computed_as,phys,phys_loss_of_weightpercent_weight_change_is_computed_as
21. Automatic calculation of Frail Scale scores - 448,248,physical,automatic_calculation_of_frail_scale_scores,phys,phys_automatic_calculation_of_frail_scale_scores
22. Categorization - 449,249,physical,categorization,phys,phys_categorization
23. How much difficulty do you have in lifting and carrying 10 pounds - 434,250,physical,how_much_difficulty_do_you_have_in_lifting_and_carrying_10_pounds,phys,phys_how_much_difficulty_do_you_have_in_lifting_and_carrying_10_pounds
"24. How much difficulty do you
have walking across a room? - 435",251,physical,how_much_difficulty_do_you_have_walking_across_a_room,phys,phys_how_much_difficulty_do_you_have_walking_across_a_room
"25. How much difficulty do you
have transferring from
a chair or bed? - 436",252,physical,how_much_difficulty_do_you_have_transferring_from_a_chair_or_bed,phys,phys_how_much_difficulty_do_you_have_transferring_from_a_chair_or_bed
"26. How much difficulty do you
have climbing a flight
of 10 stairs? - 437",253,physical,how_much_difficulty_do_you_have_climbing_a_flight_of_10_stairs,phys,phys_how_much_difficulty_do_you_have_climbing_a_flight_of_10_stairs
"27. How many times have you
fallen in the past year? - 438",254,physical,how_many_times_have_you_fallen_in_the_past_year,phys,phys_how_many_times_have_you_fallen_in_the_past_year
28. Automatic calculation of SARC-F scores - 439,255,physical,automatic_calculation_of_sarc_f_scores,phys,phys_automatic_calculation_of_sarc_f_scores
29. Right Hand - 0. Test 1 - 391,256,physical,right_handtest_1,phys,phys_right_handtest_1
29. Right Hand - 0. Test 1 - Unit - 391,257,physical,right_handtest_1_unit,phys,phys_right_handtest_1_unit
29. Right Hand - 1. Test 2 - 391,258,physical,right_handtest_2,phys,phys_right_handtest_2
29. Right Hand - 1. Test 2 - Unit - 391,259,physical,right_handtest_2_unit,phys,phys_right_handtest_2_unit
29. Right Hand - 2. Test 3 - 391,260,physical,right_handtest_3,phys,phys_right_handtest_3
29. Right Hand - 2. Test 3 - Unit - 391,261,physical,right_handtest_3_unit,phys,phys_right_handtest_3_unit
29. Right Hand - 3. Average - 391,262,physical,right_handaverage,phys,phys_right_handaverage
29. Right Hand - 3. Average - Unit - 391,263,physical,right_handaverage_unit,phys,phys_right_handaverage_unit
29. Right Hand - 4. Percentile - 391,264,physical,right_handpercentile,phys,phys_right_handpercentile
29. Right Hand - 4. Percentile - Unit - 391,265,physical,right_handpercentile_unit,phys,phys_right_handpercentile_unit
30. Left Hand - 0. Test 1 - 396,266,physical,left_handtest_1,phys,phys_left_handtest_1
30. Left Hand - 0. Test 1 - Unit - 396,267,physical,left_handtest_1_unit,phys,phys_left_handtest_1_unit
30. Left Hand - 1. Test 2 - 396,268,physical,left_handtest_2,phys,phys_left_handtest_2
30. Left Hand - 1. Test 2 - Unit - 396,269,physical,left_handtest_2_unit,phys,phys_left_handtest_2_unit
30. Left Hand - 2. Test 3 - 396,270,physical,left_handtest_3,phys,phys_left_handtest_3
30. Left Hand - 2. Test 3 - Unit - 396,271,physical,left_handtest_3_unit,phys,phys_left_handtest_3_unit
30. Left Hand - 3. Average - 396,272,physical,left_handaverage,phys,phys_left_handaverage
30. Left Hand - 3. Average - Unit - 396,273,physical,left_handaverage_unit,phys,phys_left_handaverage_unit
30. Left Hand - 4. Percentile - 396,274,physical,left_handpercentile,phys,phys_left_handpercentile
30. Left Hand - 4. Percentile - Unit - 396,275,physical,left_handpercentile_unit,phys,phys_left_handpercentile_unit
31. Number of times reached full standing - 416,276,physical,number_of_times_reached_full_standing,phys,phys_number_of_times_reached_full_standing
32. Was the test modified? - 421,277,medical,was_the_test_modified,med,med_was_the_test_modified_v1
33. Distance - 401,278,physical,distance,phys,phys_distance
33. Distance - Unit - 401,279,medical,distance_unit,med,med_distance_unit
34. Was the test modified? - 0.  - 418,280,medical,was_the_test_modified,med,med_was_the_test_modified_v2
34. Was the test modified? - 1. If yes - 418,281,medical,was_the_test_modified_if_yes,med,med_was_the_test_modified_if_yes_v1
35. Time to pass 10 meters - 402,282,physical,time_to_pass_10_meters,phys,phys_time_to_pass_10_meters_v1
35. Time to pass 10 meters - Unit - 402,283,physical,time_to_pass_10_meters_unit,phys,phys_time_to_pass_10_meters_unit_v1
36. Speed - 404,284,physical,speed,phys,phys_speed_v1
37. Time to pass 10 meters - 406,285,physical,time_to_pass_10_meters,phys,phys_time_to_pass_10_meters_v2
37. Time to pass 10 meters - Unit - 406,286,physical,time_to_pass_10_meters_unit,phys,phys_time_to_pass_10_meters_unit_v2
"38. 
Speed

 - 408",287,physical,speed,phys,phys_speed_v2
39. Time to pass 10 meters - 410,288,physical,time_to_pass_10_meters,phys,phys_time_to_pass_10_meters_v3
39. Time to pass 10 meters - Unit - 410,289,physical,time_to_pass_10_meters_unit,phys,phys_time_to_pass_10_meters_unit_v3
40. Speed - 412,290,physical,speed,phys,phys_speed_v3
41. Was the test modified? - 0.  - 419,291,medical,was_the_test_modified,med,med_was_the_test_modified_v3
41. Was the test modified? - 1. If yes - 419,292,medical,was_the_test_modified_if_yes,med,med_was_the_test_modified_if_yes_v2
42. Time up & go test score - 415,293,physical,time_up_go_test_score,phys,phys_time_up_go_test_score
42. Time up & go test score - Unit - 415,294,physical,time_up_go_test_score_unit,phys,phys_time_up_go_test_score_unit
43. Was the test modified? - 0.  - 420,295,medical,was_the_test_modified,med,med_was_the_test_modified_v4
43. Was the test modified? - 1. If yes - 420,296,medical,was_the_test_modified_if_yes,med,med_was_the_test_modified_if_yes_v3
44. FSST - 417,297,physical,fsst,phys,phys_fsst
44. FSST - Unit - 417,298,physical,fsst_unit,phys,phys_fsst_unit
45. Right - 491,299,medical,right,med,med_right_v1
45. Right - Unit - 491,300,medical,right_unit,med,med_right_unit_v1
46. Left - 492,301,medical,left,med,med_left_v1
46. Left - Unit - 492,302,medical,left_unit,med,med_left_unit_v1
47. Right - 493,303,medical,right,med,med_right_v2
47. Right - Unit - 493,304,medical,right_unit,med,med_right_unit_v2
48. Left - 494,305,medical,left,med,med_left_v2
48. Left - Unit - 494,306,medical,left_unit,med,med_left_unit_v2
49. Balance test score - 430,307,physical,balance_test_score,phys,phys_balance_test_score
50. Gait speed test score - 431,308,medical,gait_speed_test_score,med,med_gait_speed_test_score
51. Chair stand test score - 432,309,medical,chair_stand_test_score,med,med_chair_stand_test_score
52. Automatic calculation of SPPB scores - 433,310,physical,automatic_calculation_of_sppb_scores,phys,phys_automatic_calculation_of_sppb_scores
53. Is there anything that can affect the results of the test? - 0.  - 425,311,physical,is_there_anything_that_can_affect_the_results_of_the_test,phys,phys_is_there_anything_that_can_affect_the_results_of_the_test
53. Is there anything that can affect the results of the test? - 1. If yes - 425,312,physical,is_there_anything_that_can_affect_the_results_of_the_test_if_yes,phys,phys_is_there_anything_that_can_affect_the_results_of_the_test_if_yes
1. Participants study number - 8...317,313,demographic,participants_study_number_317,demo,demo_participants_study_number_317
2. Date of birth - 392...318,314,demographic,date_of_birth_318,demo,demo_date_of_birth_318
3. Little interest or pleasure in doing things - 119,315,cognitive,little_interest_or_pleasure_in_doing_things,cog,cog_little_interest_or_pleasure_in_doing_things
"4. Feeling down, depressed, or hopeless - 120",316,cognitive,feeling_down_depressed_or_hopeless,cog,cog_feeling_down_depressed_or_hopeless
"5. Trouble falling or staying asleep, or sleeping too much - 121",317,cognitive,trouble_falling_or_staying_asleep_or_sleeping_too_much,cog,cog_trouble_falling_or_staying_asleep_or_sleeping_too_much
6. Feeling tired or having little energy - 122,318,cognitive,feeling_tired_or_having_little_energy,cog,cog_feeling_tired_or_having_little_energy
7. Poor appetite or overeating - 123,319,cognitive,poor_appetite_or_overeating,cog,cog_poor_appetite_or_overeating
8. Feeling bad about yourself — or that you are a failure or have let yourself or your family down - 124,320,cognitive,feeling_bad_about_yourself_or_that_you_are_a_failure_or_have_let_yourself_or_your_family_down,cog,cog_feeling_bad_about_yourself_or_that_you_are_a_failure_or_have_let_yourself_or_your_family_down
"9. Trouble concentrating on things, such as reading the newspaper or watching television - 125",321,cognitive,trouble_concentrating_on_things_such_as_reading_the_newspaper_or_watching_television,cog,cog_trouble_concentrating_on_things_such_as_reading_the_newspaper_or_watching_television
10. Moving or speaking so slowly that other people could have noticed? Or the opposite — being so fidgety or restless that you have been moving around a lot more than usual - 126,322,cognitive,moving_or_speaking_so_slowly_that_other_people_could_have_noticed_or_the_opposite_being_so_fidgety_or_restless_that_you_have_been_moving_around_a_lot_more_than_usual,cog,cog_moving_or_speaking_so_slowly_that_other_people_could_have_noticed_or_the_opposite_being_so_fidgety_or_restless_that_you_have_been_moving_around_a_lot_more_than_usual
11. Thoughts that you would be better off dead or of hurting - 127,323,cognitive,thoughts_that_you_would_be_better_off_dead_or_of_hurting,cog,cog_thoughts_that_you_would_be_better_off_dead_or_of_hurting
12. PHQ9 - Total Score - 128,324,cognitive,phq9_total_score,cog,cog_phq9_total_score
"13. If you checked off any problems, how difficult have these problems made it for you to do your work, take care of things at home, or get along with other people? - 129",325,demographic,if_you_checked_off_any_problems_how_difficult_have_these_problems_made_it_for_you_to_do_your_work_take_care_of_things_at_home_or_get_along_with_other_people,demo,demo_if_you_checked_off_any_problems_how_difficult_have_these_problems_made_it_for_you_to_do_your_work_take_care_of_things_at_home_or_get_along_with_other_people
14. I have felt cheerful and in good spirits - 130,326,cognitive,i_have_felt_cheerful_and_in_good_spirits,cog,cog_i_have_felt_cheerful_and_in_good_spirits
15. I have felt calm and relaxed - 131,327,cognitive,i_have_felt_calm_and_relaxed,cog,cog_i_have_felt_calm_and_relaxed
16. I have felt active and vigorous - 132,328,cognitive,i_have_felt_active_and_vigorous,cog,cog_i_have_felt_active_and_vigorous
17. I woke up feeling fresh and rested - 133,329,cognitive,i_woke_up_feeling_fresh_and_rested,cog,cog_i_woke_up_feeling_fresh_and_rested
18. My daily life has been filled with things that interest me - 134,330,cognitive,my_daily_life_has_been_filled_with_things_that_interest_me,cog,cog_my_daily_life_has_been_filled_with_things_that_interest_me
19. WHO-5 - Total Score - 135,331,cognitive,who_5_total_score,cog,cog_who_5_total_score
20. On a scale of 0-100 where would you place your current health status? - 136,332,medical,on_a_scale_of_0_100_where_would_you_place_your_current_health_status,med,med_on_a_scale_of_0_100_where_would_you_place_your_current_health_status
21. Is this being administered via telephone? - 137,333,medical,is_this_being_administered_via_telephone,med,med_is_this_being_administered_via_telephone
22. Keeping your attention or 'train of thought' during a conversation? - 0.  - 138,334,medical,keeping_your_attention_or_train_of_thought_during_a_conversation,med,med_keeping_your_attention_or_train_of_thought_during_a_conversation
22. Keeping your attention or 'train of thought' during a conversation? - 1. how much difficulty? - 138,335,medical,keeping_your_attention_or_train_of_thought_during_a_conversation_how_much_difficulty,med,med_keeping_your_attention_or_train_of_thought_during_a_conversation_how_much_difficulty
"23. Remembering things that happened a few days before?( E.g., conversation, people visiting) - 0.  - 140",336,medical,remembering_things_that_happened_a_few_days_before_e_g_conversation_people_visiting,med,med_remembering_things_that_happened_a_few_days_before_e_g_conversation_people_visiting
"23. Remembering things that happened a few days before?( E.g., conversation, people visiting) - 1. how much difficulty? - 140",337,medical,remembering_things_that_happened_a_few_days_before_e_g_conversation_people_visiting_how_much_difficulty,med,med_remembering_things_that_happened_a_few_days_before_e_g_conversation_people_visiting_how_much_difficulty
"24. Ability to switch between things that are happening at the same time? (E.g., making tea and talking to someone) - 0.  - 142",338,medical,ability_to_switch_between_things_that_are_happening_at_the_same_time_e_g_making_tea_and_talking_to_someone,med,med_ability_to_switch_between_things_that_are_happening_at_the_same_time_e_g_making_tea_and_talking_to_someone
"24. Ability to switch between things that are happening at the same time? (E.g., making tea and talking to someone) - 1. how much difficulty? - 142",339,medical,ability_to_switch_between_things_that_are_happening_at_the_same_time_e_g_making_tea_and_talking_to_someone_how_much_difficulty,med,med_ability_to_switch_between_things_that_are_happening_at_the_same_time_e_g_making_tea_and_talking_to_someone_how_much_difficulty
"25. Playing a game or reading a book that requires concentration? (E.g. of games: crosswords, checkers, chess) - 0.  - 144",340,medical,playing_a_game_or_reading_a_book_that_requires_concentration_e_g_of_games_crosswords_checkers_chess,med,med_playing_a_game_or_reading_a_book_that_requires_concentration_e_g_of_games_crosswords_checkers_chess
"25. Playing a game or reading a book that requires concentration? (E.g. of games: crosswords, checkers, chess) - 1. How much difficulty? - 144",341,medical,playing_a_game_or_reading_a_book_that_requires_concentration_e_g_of_games_crosswords_checkers_chess_how_much_difficulty,med,med_playing_a_game_or_reading_a_book_that_requires_concentration_e_g_of_games_crosswords_checkers_chess_how_much_difficulty
"26. Finding your way around a new building? (E.g., hospital/clinic) - 0.  - 146",342,medical,finding_your_way_around_a_new_building_e_g_hospital_clinic,med,med_finding_your_way_around_a_new_building_e_g_hospital_clinic
"26. Finding your way around a new building? (E.g., hospital/clinic) - 1. How much difficulty? - 146",343,medical,finding_your_way_around_a_new_building_e_g_hospital_clinic_how_much_difficulty,med,med_finding_your_way_around_a_new_building_e_g_hospital_clinic_how_much_difficulty
"27. Organizing a trip or social activities? (E.g., vacation or family occasion) (Score the activity that the person finds to be more difficult of the two) - 0.  - 148",344,medical,organizing_a_trip_or_social_activities_e_g_vacation_or_family_occasion_score_the_activity_that_the_person_finds_to_be_more_difficult_of_the_two,med,med_organizing_a_trip_or_social_activities_e_g_vacation_or_family_occasion_score_the_activity_that_the_person_finds_to_be_more_difficult_of_the_two
"27. Organizing a trip or social activities? (E.g., vacation or family occasion) (Score the activity that the person finds to be more difficult of the two) - 1. How much difficulty? - 148",345,medical,organizing_a_trip_or_social_activities_e_g_vacation_or_family_occasion_score_the_activity_that_the_person_finds_to_be_more_difficult_of_the_two_how_much_difficulty,med,med_organizing_a_trip_or_social_activities_e_g_vacation_or_family_occasion_score_the_activity_that_the_person_finds_to_be_more_difficult_of_the_two_how_much_difficulty
28. Doing your own finances or shopping? (Score the activity that the person finds to be more difficult of the two) - 0.  - 150,346,medical,doing_your_own_finances_or_shopping_score_the_activity_that_the_person_finds_to_be_more_difficult_of_the_two,med,med_doing_your_own_finances_or_shopping_score_the_activity_that_the_person_finds_to_be_more_difficult_of_the_two
28. Doing your own finances or shopping? (Score the activity that the person finds to be more difficult of the two) - 1. How much difficulty? - 150,347,medical,doing_your_own_finances_or_shopping_score_the_activity_that_the_person_finds_to_be_more_difficult_of_the_two_how_much_difficulty,med,med_doing_your_own_finances_or_shopping_score_the_activity_that_the_person_finds_to_be_more_difficult_of_the_two_how_much_difficulty
29. Organizing and taking your medications? - 0.  - 152,348,medical,organizing_and_taking_your_medications,med,med_organizing_and_taking_your_medications
29. Organizing and taking your medications? - 1. How much difficulty? - 152,349,medical,organizing_and_taking_your_medications_how_much_difficulty,med,med_organizing_and_taking_your_medications_how_much_difficulty
30. Preparing a meal and/or doing laundry? (Score the activity that the person finds to be more difficult of the two) - 0.  - 154,350,medical,preparing_a_meal_and_or_doing_laundry_score_the_activity_that_the_person_finds_to_be_more_difficult_of_the_two,med,med_preparing_a_meal_and_or_doing_laundry_score_the_activity_that_the_person_finds_to_be_more_difficult_of_the_two
30. Preparing a meal and/or doing laundry? (Score the activity that the person finds to be more difficult of the two) - 1. How much difficulty? - 154,351,medical,preparing_a_meal_and_or_doing_laundry_score_the_activity_that_the_person_finds_to_be_more_difficult_of_the_two_how_much_difficulty,med,med_preparing_a_meal_and_or_doing_laundry_score_the_activity_that_the_person_finds_to_be_more_difficult_of_the_two_how_much_difficulty
31. Driving? - 0.  - 156,352,medical,driving,med,med_driving
31. Driving? - 1. How much difficulty? - 156,353,medical,driving_how_much_difficulty,med,med_driving_how_much_difficulty_v1
31. Driving? - 2. Using public transportation - 156,354,medical,driving_using_public_transportation,med,med_driving_using_public_transportation
31. Driving? - 3. How much difficulty? - 156,355,medical,driving_how_much_difficulty,med,med_driving_how_much_difficulty_v2
32. Using stairs? (One flight) - 0.  - 160,356,medical,using_stairs_one_flight,med,med_using_stairs_one_flight
32. Using stairs? (One flight) - 1. How much difficulty? - 160,357,medical,using_stairs_one_flight_how_much_difficulty,med,med_using_stairs_one_flight_how_much_difficulty
33. Stairs - did you require help? - 0.  - 162,358,cognitive,stairs_did_you_require_help,cog,cog_stairs_did_you_require_help
33. Stairs - did you require help? - 1. Stairs- Help required - 162,359,cognitive,stairs_did_you_require_help_stairs_help_required,cog,cog_stairs_did_you_require_help_stairs_help_required
33. Stairs - did you require help? - 2. Other - 162,360,cognitive,stairs_did_you_require_help_other,cog,cog_stairs_did_you_require_help_other
34. Walking? (Approx. 10m or 32 ft or 14 steps) - 0.  - 164,361,cognitive,walking_approx_10m_or_32_ft_or_14_steps,cog,cog_walking_approx_10m_or_32_ft_or_14_steps
34. Walking? (Approx. 10m or 32 ft or 14 steps) - 1. Walking -difficulty? - 164,362,cognitive,walking_approx_10m_or_32_ft_or_14_steps_walking_difficulty,cog,cog_walking_approx_10m_or_32_ft_or_14_steps_walking_difficulty
35. Walk - did you require help? - 0.  - 166,363,medical,walk_did_you_require_help,med,med_walk_did_you_require_help
35. Walk - did you require help? - 1. Walk- Help required - 166,364,medical,walk_did_you_require_help_walk_help_required,med,med_walk_did_you_require_help_walk_help_required
35. Walk - did you require help? - 2. Other - 166,365,medical,walk_did_you_require_help_other,med,med_walk_did_you_require_help_other
36. Dressing? - 0.  - 168,366,cognitive,dressing,cog,cog_dressing
36. Dressing? - 1. Difficulty? - 168,367,cognitive,dressing_difficulty,cog,cog_dressing_difficulty
37. Getting up from chair or toilet - 0.  - 170,368,medical,getting_up_from_chair_or_toilet,med,med_getting_up_from_chair_or_toilet
37. Getting up from chair or toilet - 1. Difficulty? - 170,369,medical,getting_up_from_chair_or_toiletdifficulty,med,med_getting_up_from_chair_or_toiletdifficulty
38. Get up - Do you require help? - 0.  - 172,370,medical,get_up_do_you_require_help,med,med_get_up_do_you_require_help
38. Get up - Do you require help? - 1. Get up - Help required - 172,371,medical,get_up_do_you_require_help_get_up_help_required,med,med_get_up_do_you_require_help_get_up_help_required
38. Get up - Do you require help? - 2. Other - 172,372,medical,get_up_do_you_require_help_other,med,med_get_up_do_you_require_help_other
39. Bathing or toileting alone? (Score the activity that the person finds to be more difficult of the two) - 0.  - 174,373,cognitive,bathing_or_toileting_alone_score_the_activity_that_the_person_finds_to_be_more_difficult_of_the_two,cog,cog_bathing_or_toileting_alone_score_the_activity_that_the_person_finds_to_be_more_difficult_of_the_two
39. Bathing or toileting alone? (Score the activity that the person finds to be more difficult of the two) - 1. Difficulty? - 174,374,cognitive,bathing_or_toileting_alone_score_the_activity_that_the_person_finds_to_be_more_difficult_of_the_two_difficulty,cog,cog_bathing_or_toileting_alone_score_the_activity_that_the_person_finds_to_be_more_difficult_of_the_two_difficulty
40. Bathing - did you require help? - 176,375,cognitive,bathing_did_you_require_help,cog,cog_bathing_did_you_require_help
41. Basic activities of daily living - Memory problem - 177,376,cognitive,basic_activities_of_daily_living_memory_problem,cog,cog_basic_activities_of_daily_living_memory_problem
41. Basic activities of daily living - Arthritis - 177,377,cognitive,basic_activities_of_daily_living_arthritis,cog,cog_basic_activities_of_daily_living_arthritis
41. Basic activities of daily living - Shortness of breath - 177,378,cognitive,basic_activities_of_daily_living_shortness_of_breath,cog,cog_basic_activities_of_daily_living_shortness_of_breath
41. Basic activities of daily living - chest pain - 177,379,cognitive,basic_activities_of_daily_living_chest_pain,cog,cog_basic_activities_of_daily_living_chest_pain
41. Basic activities of daily living - Physical injury (e.g. fracture) - 177,380,cognitive,basic_activities_of_daily_living_physical_injury_e_g_fracture,cog,cog_basic_activities_of_daily_living_physical_injury_e_g_fracture
41. Basic activities of daily living - Stroke or TIA - 177,381,cognitive,basic_activities_of_daily_living_stroke_or_tia,cog,cog_basic_activities_of_daily_living_stroke_or_tia
41. Basic activities of daily living - Chronic pain - 177,382,cognitive,basic_activities_of_daily_living_chronic_pain,cog,cog_basic_activities_of_daily_living_chronic_pain
41. Basic activities of daily living - Heart failure - 177,383,cognitive,basic_activities_of_daily_living_heart_failure,cog,cog_basic_activities_of_daily_living_heart_failure
41. Basic activities of daily living - Loss of vision - 177,384,cognitive,basic_activities_of_daily_living_loss_of_vision,cog,cog_basic_activities_of_daily_living_loss_of_vision
41. Basic activities of daily living - Unsteadiness - 177,385,cognitive,basic_activities_of_daily_living_unsteadiness,cog,cog_basic_activities_of_daily_living_unsteadiness
41. Basic activities of daily living - Leg pain - 177,386,cognitive,basic_activities_of_daily_living_leg_pain,cog,cog_basic_activities_of_daily_living_leg_pain
41. Basic activities of daily living - Other - 177,387,cognitive,basic_activities_of_daily_living_other,cog,cog_basic_activities_of_daily_living_other_v1
41. Basic activities of daily living - Not sure - 177,388,cognitive,basic_activities_of_daily_living_not_sure,cog,cog_basic_activities_of_daily_living_not_sure
41. Basic activities of daily living: Other - 177,389,cognitive,basic_activities_of_daily_living_other,cog,cog_basic_activities_of_daily_living_other_v2
42. Score - 178,390,cognitive,score,cog,cog_score
43. DSST - Total Score - 179,391,cognitive,dsst_total_score,cog,cog_dsst_total_score
44. Standardized Score - 180,392,medical,standardized_score,med,med_standardized_score_v1
45. Visuospatial/Executive - 181,393,cognitive,visuospatial_executive,cog,cog_visuospatial_executive
46. Cube - 182,394,cognitive,cube,cog,cog_cube
47. Clock - 183,395,cognitive,clock,cog,cog_clock
48. Naming - 184,396,cognitive,naming,cog,cog_naming
49. Memory first trial - 185,397,cognitive,memory_first_trial,cog,cog_memory_first_trial
50. Memory second trial - 186,398,cognitive,memory_second_trial,cog,cog_memory_second_trial
51. List of digits - 187,399,cognitive,list_of_digits,cog,cog_list_of_digits
52. Letters - 188,400,cognitive,letters,cog,cog_letters
53. Subtraction - 189,401,cognitive,subtraction,cog,cog_subtraction
54. Language - 190,402,cognitive,language,cog,cog_language
55. Fluency - 191,403,cognitive,fluency,cog,cog_fluency
56. Abstraction - 192,404,cognitive,abstraction,cog,cog_abstraction
57. Delayed recall - 193,405,cognitive,delayed_recall,cog,cog_delayed_recall
58. Orientation - 194,406,cognitive,orientation,cog,cog_orientation
59. Moca - Total Score - 195,407,cognitive,moca_total_score,cog,cog_moca_total_score
60. VF phonemic - Total Score - 196,408,cognitive,vf_phonemic_total_score,cog,cog_vf_phonemic_total_score
61. Standardized Score - 197,409,medical,standardized_score,med,med_standardized_score_v2
62. VF semantic - Total Score - 198,410,cognitive,vf_semantic_total_score,cog,cog_vf_semantic_total_score
63. Standardized Score - 199,411,medical,standardized_score,med,med_standardized_score_v3
1. Participants study number - 8...417,412,demographic,participants_study_number_417,demo,demo_participants_study_number_417
2. Free text - 441,413,adverse_events,free_text,ae,ae_free_text
3. AE - 0.  - 523,414,medical,ae,med,med_ae_v1
3. AE - 1.  - 523,415,medical,ae,med,med_ae_v2
3. AE - 2.  - 523,416,medical,ae,med,med_ae_v3
4. Serious adverse event - 0.  - 115,417,adverse_events,serious_adverse_event,ae,ae_serious_adverse_event
4. Serious adverse event - 1. if SAE - 115,418,adverse_events,serious_adverse_eventif_sae,ae,ae_serious_adverse_eventif_sae_v1
4. Serious adverse event - 2. if SAE - 115,419,adverse_events,serious_adverse_eventif_sae,ae,ae_serious_adverse_eventif_sae_v2
4. Serious adverse event - 3. SAE criteria - 115,420,adverse_events,serious_adverse_eventsae_criteria,ae,ae_serious_adverse_eventsae_criteria
4. Serious adverse event - 4. Severity - 115,421,adverse_events,serious_adverse_eventseverity,ae,ae_serious_adverse_eventseverity
4. Serious adverse event - 5. Relationship - 115,422,adverse_events,serious_adverse_eventrelationship,ae,ae_serious_adverse_eventrelationship
4. Serious adverse event - 6. Action taken - 115,423,adverse_events,serious_adverse_eventaction_taken,ae,ae_serious_adverse_eventaction_taken
4. Serious adverse event - 7. Outcome of AE - 115,424,adverse_events,serious_adverse_eventoutcome_of_ae,ae,ae_serious_adverse_eventoutcome_of_ae
5. Severe hypoglycemia - 118,425,medical,severe_hypoglycemia,med,med_severe_hypoglycemia
6. Did you fall? - 0.  - 107,426,adverse_events,did_you_fall,ae,ae_did_you_fall_v4
6. Did you fall? - 1.  - 107,427,adverse_events,did_you_fall,ae,ae_did_you_fall_v5
6. Did you fall? - 2.  - 107,428,adverse_events,did_you_fall,ae,ae_did_you_fall_v6
6. Did you fall? - 3. End date - 107,429,adverse_events,did_you_fall_end_date,ae,ae_did_you_fall_end_date_v2
7. Fracture - 0.  - 108,430,adverse_events,fracture,ae,ae_fracture_v1
7. Fracture - 1.  - 108,431,adverse_events,fracture,ae,ae_fracture_v2
7. Fracture - 2.  - 108,432,adverse_events,fracture,ae,ae_fracture_v3
7. Fracture - 3. End date - 108,433,adverse_events,fractureend_date,ae,ae_fractureend_date
8. ER admission - 0.  - 110,434,adverse_events,er_admission,ae,ae_er_admission_v1
8. ER admission - 1.  - 110,435,adverse_events,er_admission,ae,ae_er_admission_v2
8. ER admission - 2. Start date - 110,436,adverse_events,er_admissionstart_date,ae,ae_er_admissionstart_date
8. ER admission - 3. End date - 110,437,adverse_events,er_admissionend_date,ae,ae_er_admissionend_date
9. Hospitalization - 0.  - 109,438,medical,hospitalization,med,med_hospitalization_v1
9. Hospitalization - 1.  - 109,439,medical,hospitalization,med,med_hospitalization_v2
9. Hospitalization - 2. Start date - 109,440,medical,hospitalizationstart_date,med,med_hospitalizationstart_date
9. Hospitalization - 3. End date - 109,441,medical,hospitalizationend_date,med,med_hospitalizationend_date
10. Institutionalization - 0.  - 111,442,adverse_events,institutionalization,ae,ae_institutionalization_v1
10. Institutionalization - 1.  - 111,443,adverse_events,institutionalization,ae,ae_institutionalization_v2
10. Institutionalization - 2. Start date - 111,444,adverse_events,institutionalizationstart_date,ae,ae_institutionalizationstart_date
10. Institutionalization - 3. End date - 111,445,adverse_events,institutionalizationend_date,ae,ae_institutionalizationend_date
11. New Disability - 0.  - 112,446,adverse_events,new_disability,ae,ae_new_disability_v1
11. New Disability - 1.  - 112,447,adverse_events,new_disability,ae,ae_new_disability_v2
11. New Disability - 2. Start date - 112,448,adverse_events,new_disabilitystart_date,ae,ae_new_disabilitystart_date
11. New Disability - 3. End date - 112,449,adverse_events,new_disabilityend_date,ae,ae_new_disabilityend_date
11. New Disability - 4.  - 112,450,adverse_events,new_disability,ae,ae_new_disability_v3
12. Other - 0.  - 113,451,medical,other,med,med_other_v1
12. Other - 1.  - 113,452,medical,other,med,med_other_v2
12. Other - 2. Start date - 113,453,medical,otherstart_date,med,med_otherstart_date
12. Other - 3. End date - 113,454,medical,otherend_date,med,med_otherend_date
13. Death - 0.  - 114,455,adverse_events,death,ae,ae_death_v1
13. Death - 1.  - 114,456,adverse_events,death,ae,ae_death_v2
13. Death - 2.  - 114,457,adverse_events,death,ae,ae_death_v3
13. Death - 3. End date - 114,458,adverse_events,deathend_date,ae,ae_deathend_date
14. Gastrointestinal Adverse Events - 0.  - 513,459,medical,gastrointestinal_adverse_events,med,med_gastrointestinal_adverse_events
14. Gastrointestinal Adverse Events - Nausea - 513,460,medical,gastrointestinal_adverse_events_nausea,med,med_gastrointestinal_adverse_events_nausea
14. Gastrointestinal Adverse Events - Vomiting - 513,461,medical,gastrointestinal_adverse_events_vomiting,med,med_gastrointestinal_adverse_events_vomiting
14. Gastrointestinal Adverse Events - Diarrhoea - 513,462,medical,gastrointestinal_adverse_events_diarrhoea,med,med_gastrointestinal_adverse_events_diarrhoea
14. Gastrointestinal Adverse Events - Constipation - 513,463,medical,gastrointestinal_adverse_events_constipation,med,med_gastrointestinal_adverse_events_constipation
14. Gastrointestinal Adverse Events - Abdominal pain - 513,464,medical,gastrointestinal_adverse_events_abdominal_pain,med,med_gastrointestinal_adverse_events_abdominal_pain
14. Gastrointestinal Adverse Events - Upset stomach or Indigestion - 513,465,medical,gastrointestinal_adverse_events_upset_stomach_or_indigestion,med,med_gastrointestinal_adverse_events_upset_stomach_or_indigestion
14. Gastrointestinal Adverse Events - Burping - 513,466,medical,gastrointestinal_adverse_events_burping,med,med_gastrointestinal_adverse_events_burping
14. Gastrointestinal Adverse Events - Gas (flatulence) - 513,467,medical,gastrointestinal_adverse_events_gas_flatulence,med,med_gastrointestinal_adverse_events_gas_flatulence
14. Gastrointestinal Adverse Events - Abdominal bloating - 513,468,medical,gastrointestinal_adverse_events_abdominal_bloating,med,med_gastrointestinal_adverse_events_abdominal_bloating
14. Gastrointestinal Adverse Events - Inflamed stomach (gastritis) - 513,469,medical,gastrointestinal_adverse_events_inflamed_stomach_gastritis,med,med_gastrointestinal_adverse_events_inflamed_stomach_gastritis
14. Gastrointestinal Adverse Events - Reflux or Heartburn - 513,470,medical,gastrointestinal_adverse_events_reflux_or_heartburn,med,med_gastrointestinal_adverse_events_reflux_or_heartburn
14. Gastrointestinal Adverse Events - Slowing of gastric emptying - 513,471,medical,gastrointestinal_adverse_events_slowing_of_gastric_emptying,med,med_gastrointestinal_adverse_events_slowing_of_gastric_emptying
15. Endocrine/Metabolic Adverse Events - 0.  - 514,472,medical,endocrine_metabolic_adverse_events,med,med_endocrine_metabolic_adverse_events
15. Endocrine/Metabolic Adverse Events - Gallstones - 514,473,medical,endocrine_metabolic_adverse_events_gallstones,med,med_endocrine_metabolic_adverse_events_gallstones
15. Endocrine/Metabolic Adverse Events - Hypoglycaemia - 514,474,medical,endocrine_metabolic_adverse_events_hypoglycaemia,med,med_endocrine_metabolic_adverse_events_hypoglycaemia
15. Endocrine/Metabolic Adverse Events - Diabetic Retinopathy - 514,475,medical,endocrine_metabolic_adverse_events_diabetic_retinopathy,med,med_endocrine_metabolic_adverse_events_diabetic_retinopathy
16. Cardiovascular Adverse Events - 0.  - 515,476,medical,cardiovascular_adverse_events,med,med_cardiovascular_adverse_events
16. Cardiovascular Adverse Events - Low Blood Pressure - 515,477,medical,cardiovascular_adverse_events_low_blood_pressure,med,med_cardiovascular_adverse_events_low_blood_pressure
16. Cardiovascular Adverse Events - Feeling dizzy or lightheaded on standing or sitting up - 515,478,medical,cardiovascular_adverse_events_feeling_dizzy_or_lightheaded_on_standing_or_sitting_up,med,med_cardiovascular_adverse_events_feeling_dizzy_or_lightheaded_on_standing_or_sitting_up
16. Cardiovascular Adverse Events - Fast heartbeat - 515,479,medical,cardiovascular_adverse_events_fast_heartbeat,med,med_cardiovascular_adverse_events_fast_heartbeat
17. Neurological Adverse Events - 0.  - 516,480,medical,neurological_adverse_events,med,med_neurological_adverse_events
17. Neurological Adverse Events - Headache - 516,481,medical,neurological_adverse_events_headache,med,med_neurological_adverse_events_headache
17. Neurological Adverse Events - Feeling weak or tired - 516,482,medical,neurological_adverse_events_feeling_weak_or_tired,med,med_neurological_adverse_events_feeling_weak_or_tired
17. Neurological Adverse Events - Feeling dizzy - 516,483,medical,neurological_adverse_events_feeling_dizzy,med,med_neurological_adverse_events_feeling_dizzy
18. Dermatological/Other Adverse Events - 0.  - 517,484,medical,dermatological_other_adverse_events,med,med_dermatological_other_adverse_events
18. Dermatological/Other Adverse Events - Hairloss - 517,485,medical,dermatological_other_adverse_events_hairloss,med,med_dermatological_other_adverse_events_hairloss
18. Dermatological/Other Adverse Events - injection site reactions - 517,486,medical,dermatological_other_adverse_events_injection_site_reactions,med,med_dermatological_other_adverse_events_injection_site_reactions
19. Acute Pancreatitis - 0.  - 524,487,adverse_events,acute_pancreatitis,ae,ae_acute_pancreatitis
20. Musculoskeletal injuries - 0.  - 518,488,adverse_events,musculoskeletal_injuries,ae,ae_musculoskeletal_injuries
20. Musculoskeletal injuries - Muscle strain - 518,489,adverse_events,musculoskeletal_injuries_muscle_strain,ae,ae_musculoskeletal_injuries_muscle_strain
"20. Musculoskeletal injuries - Joint pain (e.g., knee, hip, or shoulder pain) - 518",490,adverse_events,musculoskeletal_injuries_joint_pain_e_g_knee_hip_or_shoulder_pain,ae,ae_musculoskeletal_injuries_joint_pain_e_g_knee_hip_or_shoulder_pain
20. Musculoskeletal injuries - Low back pain - 518,491,adverse_events,musculoskeletal_injuries_low_back_pain,ae,ae_musculoskeletal_injuries_low_back_pain
20. Musculoskeletal injuries - Physical injury due to use of equipment - 518,492,adverse_events,musculoskeletal_injuries_physical_injury_due_to_use_of_equipment,ae,ae_musculoskeletal_injuries_physical_injury_due_to_use_of_equipment
21. Exercise related falls - 521,493,adverse_events,exercise_related_falls,ae,ae_exercise_related_falls
1. Participants study number - 8...500,494,demographic,participants_study_number_500,demo,demo_participants_study_number_500
2. Date of birth - 392...501,495,demographic,date_of_birth_501,demo,demo_date_of_birth_501
3. Fat mass (kg) - 379,496,physical,fat_mass_kg,phys,phys_fat_mass_kg
3. Fat mass (kg) - Unit - 379,497,physical,fat_mass_kg_unit,phys,phys_fat_mass_kg_unit
4. Fat mass (%) - 380,498,physical,fat_mass,phys,phys_fat_mass
4. Fat mass (%) - Unit - 380,499,physical,fat_mass_unit,phys,phys_fat_mass_unit
5. fat free mass (kg) - 381,500,medical,fat_free_mass_kg,med,med_fat_free_mass_kg
5. fat free mass (kg) - Unit - 381,501,medical,fat_free_mass_kg_unit,med,med_fat_free_mass_kg_unit
6. fat free mass (%) - 382,502,medical,fat_free_mass,med,med_fat_free_mass
6. fat free mass (%) - Unit - 382,503,medical,fat_free_mass_unit,med,med_fat_free_mass_unit
7. SMM (kg) - 383,504,physical,smm_kg,phys,phys_smm_kg
7. SMM (kg) - Unit - 383,505,physical,smm_kg_unit,phys,phys_smm_kg_unit
8. VAT - Visceral Adipose Tissue (Litre) - 385,506,physical,vat_visceral_adipose_tissue_litre,phys,phys_vat_visceral_adipose_tissue_litre
8. VAT - Visceral Adipose Tissue (Litre) - Unit - 385,507,physical,vat_visceral_adipose_tissue_litre_unit,phys,phys_vat_visceral_adipose_tissue_litre_unit
9. Fat (%) - 386,508,medical,fat,med,med_fat
9. Fat (%) - Unit - 386,509,medical,fat_unit,med,med_fat_unit
10. Waist to hip ratio - 0. Waist circumference  - 440,510,physical,waist_to_hip_ratiowaist_circumference,phys,phys_waist_to_hip_ratiowaist_circumference
10. Waist to hip ratio - 0. Waist circumference  - Unit - 440,511,physical,waist_to_hip_ratiowaist_circumference_unit,phys,phys_waist_to_hip_ratiowaist_circumference_unit
10. Waist to hip ratio - 1. Hip circumference - 440,512,physical,waist_to_hip_ratiohip_circumference,phys,phys_waist_to_hip_ratiohip_circumference
10. Waist to hip ratio - 1. Hip circumference - Unit - 440,513,physical,waist_to_hip_ratiohip_circumference_unit,phys,phys_waist_to_hip_ratiohip_circumference_unit
10. Waist to hip ratio - 2. Waist to hip ratio - 440,514,physical,waist_to_hip_ratiowaist_to_hip_ratio,phys,phys_waist_to_hip_ratiowaist_to_hip_ratio
10. Waist to hip ratio - 2. Waist to hip ratio - Unit - 440,515,physical,waist_to_hip_ratiowaist_to_hip_ratio_unit,phys,phys_waist_to_hip_ratiowaist_to_hip_ratio_unit
11. Calf circumference - 0. Right - 535,516,physical,calf_circumferenceright,phys,phys_calf_circumferenceright
11. Calf circumference - 0. Right - Unit - 535,517,physical,calf_circumferenceright_unit,phys,phys_calf_circumferenceright_unit
11. Calf circumference - 1. Left - 535,518,physical,calf_circumferenceleft,phys,phys_calf_circumferenceleft
11. Calf circumference - 1. Left - Unit - 535,519,physical,calf_circumferenceleft_unit,phys,phys_calf_circumferenceleft_unit
12. Body Mass Index - 0. Height (m) - 366,520,physical,body_mass_indexheight_m,phys,phys_body_mass_indexheight_m_v2
12. Body Mass Index - 0. Height (m) - Unit - 366,521,physical,body_mass_indexheight_m_unit,phys,phys_body_mass_indexheight_m_unit_v2
12. Body Mass Index - 1. Weight (kg) - 366,522,physical,body_mass_indexweight_kg,phys,phys_body_mass_indexweight_kg_v2
12. Body Mass Index - 1. Weight (kg) - Unit - 366,523,physical,body_mass_indexweight_kg_unit,phys,phys_body_mass_indexweight_kg_unit_v2
12. Body Mass Index - 2. BMI - 366,524,physical,body_mass_indexbmi,phys,phys_body_mass_indexbmi_v2
12. Body Mass Index - 2. BMI - Unit - 366,525,physical,body_mass_indexbmi_unit,phys,phys_body_mass_indexbmi_unit_v2
Adherence Form,526,medical,adherence_form,med,med_adherence_form
1. Drug Injection - 0.  - 504,527,adherence,drug_injection,adh,adh_drug_injection_v1
1. Drug Injection - 1. Dose - 504,528,adherence,drug_injectiondose,adh,adh_drug_injectiondose
1. Drug Injection - 1. Dose - Unit - 504,529,adherence,drug_injectiondose_unit,adh,adh_drug_injectiondose_unit
1. Drug Injection - 2.  - 504,530,adherence,drug_injection,adh,adh_drug_injection_v2
1. Drug Injection - 3. Date - 504,531,adherence,drug_injectiondate,adh,adh_drug_injectiondate
2. Week 1 - 0. Dose - 540,532,adherence,week_1dose,adh,adh_week_1dose
2. Week 1 - 0. Dose - Unit - 540,533,adherence,week_1dose_unit,adh,adh_week_1dose_unit
2. Week 1 - 1.  - 540,534,adherence,week_1,adh,adh_week_1
2. Week 1 - 2. Date - 540,535,adherence,week_1date,adh,adh_week_1date
3. Week 2 - 0. Dose - 541,536,adherence,week_2dose,adh,adh_week_2dose
3. Week 2 - 0. Dose - Unit - 541,537,adherence,week_2dose_unit,adh,adh_week_2dose_unit
3. Week 2 - 1.  - 541,538,adherence,week_2,adh,adh_week_2
3. Week 2 - 2. Date - 541,539,adherence,week_2date,adh,adh_week_2date
4. Week 3 - 0. Dose - 542,540,adherence,week_3dose,adh,adh_week_3dose
4. Week 3 - 0. Dose - Unit - 542,541,adherence,week_3dose_unit,adh,adh_week_3dose_unit
4. Week 3 - 1.  - 542,542,adherence,week_3,adh,adh_week_3
4. Week 3 - 2. Date - 542,543,adherence,week_3date,adh,adh_week_3date
5. Week 4 - 0. Dose - 543,544,adherence,week_4dose,adh,adh_week_4dose
5. Week 4 - 0. Dose - Unit - 543,545,adherence,week_4dose_unit,adh,adh_week_4dose_unit
5. Week 4 - 1.  - 543,546,adherence,week_4,adh,adh_week_4
5. Week 4 - 2. Date - 543,547,adherence,week_4date,adh,adh_week_4date
6. Number of weekly recommended study exercise sessions - 539,548,adherence,number_of_weekly_recommended_study_exercise_sessions,adh,adh_number_of_weekly_recommended_study_exercise_sessions
7. How many study exercise sessions did you participate in during the past week? - 505,549,adherence,how_many_study_exercise_sessions_did_you_participate_in_during_the_past_week,adh,adh_how_many_study_exercise_sessions_did_you_participate_in_during_the_past_week
8. Exercise Session 1 - 0.  - 506,550,adherence,exercise_session_1,adh,adh_exercise_session_1
8. Exercise Session 1 - 1. Date - 506,551,adherence,exercise_session_1date,adh,adh_exercise_session_1date
8. Exercise Session 1 - 2. Duration - 506,552,adherence,exercise_session_1duration,adh,adh_exercise_session_1duration
8. Exercise Session 1 - 3. Type - 506,553,adherence,exercise_session_1type,adh,adh_exercise_session_1type
8. Exercise Session 1 - 4. Intensity - 506,554,adherence,exercise_session_1intensity,adh,adh_exercise_session_1intensity
9. Exercise Session 2 - 0.  - 507,555,adherence,exercise_session_2,adh,adh_exercise_session_2
9. Exercise Session 2 - 1. Date - 507,556,adherence,exercise_session_2date,adh,adh_exercise_session_2date
9. Exercise Session 2 - 2. Duration - 507,557,adherence,exercise_session_2duration,adh,adh_exercise_session_2duration
9. Exercise Session 2 - 3. Type - 507,558,adherence,exercise_session_2type,adh,adh_exercise_session_2type
9. Exercise Session 2 - 4. Intensity - 507,559,adherence,exercise_session_2intensity,adh,adh_exercise_session_2intensity
10. Exercise Session 3 - 0.  - 508,560,adherence,exercise_session_3,adh,adh_exercise_session_3
10. Exercise Session 3 - 1. Date - 508,561,adherence,exercise_session_3date,adh,adh_exercise_session_3date
10. Exercise Session 3 - 2. Duration - 508,562,adherence,exercise_session_3duration,adh,adh_exercise_session_3duration
10. Exercise Session 3 - 3. Type - 508,563,adherence,exercise_session_3type,adh,adh_exercise_session_3type
10. Exercise Session 3 - 4. Intensity - 508,564,adherence,exercise_session_3intensity,adh,adh_exercise_session_3intensity
11. Exercise Session 4 - 0.  - 509,565,adherence,exercise_session_4,adh,adh_exercise_session_4
11. Exercise Session 4 - 1. Date - 509,566,adherence,exercise_session_4date,adh,adh_exercise_session_4date
11. Exercise Session 4 - 2. Duration - 509,567,adherence,exercise_session_4duration,adh,adh_exercise_session_4duration
11. Exercise Session 4 - 3. Type - 509,568,adherence,exercise_session_4type,adh,adh_exercise_session_4type
11. Exercise Session 4 - 4. Intensity - 509,569,adherence,exercise_session_4intensity,adh,adh_exercise_session_4intensity
